{
  "epoch": 2,
  "best_loss": 0.02133214319635752,
  "model_id": "runwayml/stable-diffusion-v1-5",
  "learning_rate": 5e-05,
  "batch_size": 2,
  "timestamp": "2025-07-09T01:50:08.664487"
}